Titulo,Precio,Imagen
Cámara de seguridad Wi-Fi / Ethernet 3 Mpx robotizada con seguidor de movimiento para exterior,299.900,https://www.steren.com.co/media/catalog/product/cache/92457bf2b5977fff7efe99bd6badebc6/image/21831edde/camara-de-seguridad-wi-fi-ethernet-3-mpx-robotizada-con-seguidor-de-movimiento-para-exterior.jpg
Cámara de seguridad Wi-Fi Full HD robotizada con seguidor de movimiento,179.900,https://www.steren.com.co/media/catalog/product/cache/92457bf2b5977fff7efe99bd6badebc6/image/2095447d6/camara-de-seguridad-wi-fi-full-hd-robotizada-con-seguidor-de-movimiento.jpg
Cámara de seguridad Wi-Fi* 3 Mpx robotizada con seguidor de movimiento para socket,199.900,https://www.steren.com.co/media/catalog/product/cache/92457bf2b5977fff7efe99bd6badebc6/image/2240871ee/camara-de-seguridad-wi-fi-3-mpx-robotizada-con-seguidor-de-movimiento-para-socket.jpg
Cámara de seguridad Wi-Fi Full HD fija,139.900,https://www.steren.com.co/media/catalog/product/cache/92457bf2b5977fff7efe99bd6badebc6/image/21410d857/camara-de-seguridad-wi-fi-full-hd-fija.jpg
Cámara de seguridad Wi-Fi* / Ethernet 3 MPx robotizada con seguidor de movimiento,219.900,https://www.steren.com.co/media/catalog/product/cache/92457bf2b5977fff7efe99bd6badebc6/image/218710522/camara-de-seguridad-wi-fi-ethernet-3-mpx-robotizada-con-seguidor-de-movimiento.jpg
Cámara de seguridad Wi-Fi 3 Mpx fija para exterior tipo bala,199.900,https://www.steren.com.co/media/catalog/product/cache/92457bf2b5977fff7efe99bd6badebc6/image/226648213/camara-de-seguridad-wi-fi-3-mpx-fija-para-exterior-tipo-bala.jpg
Cámara de seguridad Wi-Fi Full HD fija con batería recargable,379.900,https://www.steren.com.co/media/catalog/product/cache/92457bf2b5977fff7efe99bd6badebc6/image/218302b83/camara-de-seguridad-wi-fi-full-hd-fija-con-bateria-recargable.jpg
"Sistema de seguridad CCTV con DVR pentahíbrido de 12 canales, 4 cámaras, disco duro y monitoreo por Internet",1.679.900,https://www.steren.com.co/media/catalog/product/cache/92457bf2b5977fff7efe99bd6badebc6/image/2265626ef/sistema-de-seguridad-cctv-con-dvr-pentahibrido-de-12-canales-4-camaras-disco-duro-y-monitoreo-por-internet.jpg
"Sistema de seguridad CCTV con DVR pentahíbrido de 6 canales, 4 cámaras, disco duro y monitoreo por Internet",1.519.900,https://www.steren.com.co/media/catalog/product/cache/92457bf2b5977fff7efe99bd6badebc6/image/22657aaef/sistema-de-seguridad-cctv-con-dvr-pentahibrido-de-6-canales-4-camaras-disco-duro-y-monitoreo-por-internet.jpg
"Cámara de seguridad Wi-Fi* / Ethernet Full HD fija con reflector LED, compatible con asistentes de voz",189.900,https://www.steren.com.co/media/catalog/product/cache/92457bf2b5977fff7efe99bd6badebc6/image/21837c57d/camara-de-seguridad-wi-fi-ethernet-full-hd-fija-con-reflector-led-compatible-con-asistentes-de-voz.jpg
Cámara de seguridad Wi-Fi* Full HD con reflector LED fija,439.900,https://www.steren.com.co/media/catalog/product/cache/92457bf2b5977fff7efe99bd6badebc6/image/218728c11/camara-de-seguridad-wi-fi-full-hd-con-reflector-led-fija.jpg
Soporte para cámaras CCTV con brazo flexible y tornillo universal	,41.900,https://www.steren.com.co/media/catalog/product/cache/92457bf2b5977fff7efe99bd6badebc6/image/225269edc/soporte-para-camaras-cctv-con-brazo-flexible-y-tornillo-universal.jpg
"Cámara de seguridad CCTV digital Full HD, tipo domo, tetrahíbrida",119.900,https://www.steren.com.co/media/catalog/product/cache/92457bf2b5977fff7efe99bd6badebc6/image/20073caf3/camara-de-seguridad-cctv-digital-full-hd-tipo-domo-tetrahibrida.jpg
"Cámara de seguridad CCTV digital Full HD, para exterior, tipo mini bala, tetrahíbrida",119.900,https://www.steren.com.co/media/catalog/product/cache/92457bf2b5977fff7efe99bd6badebc6/image/213608cf7/camara-de-seguridad-cctv-digital-full-hd-para-exterior-tipo-mini-bala-tetrahibrida.jpg
"Cámara de seguridad CCTV digital Full HD, tipo mini bala, tetrahíbrida, metálica",139.900,https://www.steren.com.co/media/catalog/product/cache/92457bf2b5977fff7efe99bd6badebc6/image/20071d649/camara-de-seguridad-cctv-digital-full-hd-tipo-mini-bala-tetrahibrida-metalica.jpg
Cámara de seguridad CCTV simulada (dummy) tipo bala,34.900,https://www.steren.com.co/media/catalog/product/cache/92457bf2b5977fff7efe99bd6badebc6/image/19257dea0/camara-de-seguridad-cctv-simulada-dummy-tipo-bala.jpg
Cámara de seguridad Wi-Fi* Full HD 360°,199.900,https://www.steren.com.co/media/catalog/product/cache/92457bf2b5977fff7efe99bd6badebc6/image/21843030e/camara-de-seguridad-wi-fi-full-hd-360.jpg
Cámara de seguridad Wi-Fi* / Ethernet Full HD fija para exterior tipo mini bala	,289.900,https://www.steren.com.co/media/catalog/product/cache/92457bf2b5977fff7efe99bd6badebc6/image/21717fda6/camara-de-seguridad-wi-fi-ethernet-full-hd-fija-para-exterior-tipo-mini-bala.jpg
Cámara de seguridad Wi-Fi HD fija con visión 360°,114.900,https://www.steren.com.co/media/catalog/product/cache/92457bf2b5977fff7efe99bd6badebc6/image/20047b8b7/camara-de-seguridad-wi-fi-hd-fija-con-vision-360.jpg
Reloj despertador con cámara oculta,94.900,https://www.steren.com.co/media/catalog/product/cache/92457bf2b5977fff7efe99bd6badebc6/image/21535db28/reloj-despertador-con-camara-oculta.jpg
Cámara de seguridad CCTV simulada (dummy) tipo domo,31.900,https://www.steren.com.co/media/catalog/product/cache/92457bf2b5977fff7efe99bd6badebc6/image/1926130c9/camara-de-seguridad-cctv-simulada-dummy-tipo-domo.jpg
